<?xml version="1.0" encoding="UTF-8"?>

<!-- 보통 붙여넣기한다 -->
<!-- 빈공장 -->
<beans xmlns="http://www.springframework.org/schema/beans"
	xmlns:xsi="http://www.w3.org/2001/XMLSchema-instance"
	xmlns:context="http://www.springframework.org/schema/context"
	xsi:schemaLocation="http://www.springframework.org/schema/beans
  http://www.springframework.org/schema/beans/spring-beans.xsd
  http://www.springframework.org/schema/context
  http://www.springframework.org/schema/context/spring-context.xsd">

	<!-- DI Depengency Injection 내용 -->
	<!-- Bean에 있는 property 값으로 <bean id="firstBean" class="com.oraclejava.FirstBean"> 
		<property name="name" value="강호동" /> <property name="age" value="30" /> <property 
		name="gender" value="false" /> </bean> -->
	<!-- spring.properties 파일 값으로 -->
	<context:property-placeholder
		location="*.properties" />

	<bean id="firstBean" class="com.oraclejava.FirstBean">
		<property name="name" value="${spring.name}" />
		<property name="age" value="${spring.age}" />
		<property name="gender" value="${spring.gender}" />
	</bean>

<!-- Second Bean ,생성자 Injection 을 위해 만듬 -->
	<bean id="secondBean" class="com.oraclejava.SecondBean">
		<constructor-arg value="호동강" />
	</bean>

</beans>